id	name
1	Robyn Frisch
2	Sadako
3	Ernest
4	Marilyn
5	Mehta
6	Mehta
7	John Ritter
8	Sprecher
9	Paul Giamatti
10	Iris
11	Doug Bradley
12	Jerry
13	Meryl
14	henson
15	Robyn Frisch
16	Sadako
17	Jeremy Northam
18	Jonathan Scarfe
19	Tom
20	Paul F. Ryan's
21	Jennifer Welles
22	DeVito
23	Patricia Hunter
24	Hugo
25	Bebe Neuwirth
26	Greenaway
27	Kathy
28	Orfevres
29	Moon Jones
30	Jane Fonda
31	Christopher Walken
32	Walt Disney
33	Mary
34	Christopher Walken
35	Stephen King
36	Sprecher
37	Myrick
38	henson
39	Evelyn
40	Deepa Mehta
41	Randolph Scott
42	Robert E. Sherwood
43	Joanna Shimkus
44	Adam Arkin
45	Deepa Mehta
46	Ken Stott
47	Tintorera
48	Ros
49	Sadako
50	Rebecca Gibney
51	JJ Abrams
52	Ella Raines
53	Selander
54	Andrew Davis
55	Ben Affleck
56	Nelson
57	Robin Hood
58	Emilio Miraglio's
59	Tamilyn Tomita
60	Don Bluth
61	Kate Jackson
62	patrick rea
63	Kevin
64	Sicheritz
65	Mary Astor
66	Sydow
67	Pat Barker
68	Aimee Brooks
69	Cillian Murphy
70	Steve Martin
71	Sarandon
72	George Kennedy
73	Sadako
74	spacek
75	Mehta
76	Sadako
77	Robert De Niro
78	Sam Kleinman
79	Cut
80	Ashton Kutcher
81	Anne Shirley
82	Max von Sydow
83	Gene Tierney
84	Bergman
85	Rainbow Brite
86	Robin Hood
87	Armstrong
88	Beverly D'Angelo
89	Jason Connery
90	Bebe Neuwirth
91	Brando
92	Freeman
93	Max
94	Adam Sandler
95	Jim Backus
96	John Leguizamo
97	John Forsythe
98	Max
99	Lewis Milestone
100	Christopher Walken
101	Sita
102	Art Director Dave Milton
103	Freddy
104	Eric Williams
105	Stanley
106	Besson
107	Jenny Latour
108	Steve Garvey
109	Moon Jones
110	Deepa Mehta
111	Melissa
112	Ben
113	Suzy Parker
114	John Williams
115	Alastair Sim
116	Max Hartmann
117	Alpha Video
118	Freddy
119	Patrick Stewart
120	Eric Williams
121	Werner Pochath
122	Langdon
123	Jason Connery
124	J. Carrol Naish
125	Jim Backus
126	Mari Honjo
127	Robert Morley
128	Michael
129	Stanley
130	Robyn Frisch
131	Jason Connery
132	Ben Affleck
133	Jonathan Hale
134	Sadako
135	Joan Crawford
136	Von Trier
137	Michael Curtiz
138	Jean-Marc Barr
139	Gundam
140	Boll
141	John Turturro
142	Andy Russell
143	Selma Blair
144	Sandra Dee Heidecke
145	Rebecca Gibney
146	Bjork
147	Iris
148	Rachel Griffiths
149	DeVito
150	Sadako
151	Thomas Jane
152	Tony Soprano
153	Christopher Walken
154	christopher walken
155	Kenneth Driscoll
156	Jason Segel
157	Danielle Harris
158	Greg Kinnear
159	Dominic Monaghan
160	Christy
161	Riley
162	John Woo
163	Andy Goldsworthy
164	Shemp
165	Steve Carell
166	Christopher Walken
167	Kylie Minogue
168	Yancy Butler
169	Jane Fonda
170	Glenn Ford
171	Marina Zudina
172	Camelia Kath
173	Antoine
174	Mahler
175	Von Trier
176	Ella Raines
177	Mahler
178	John Adam
179	Bobby Fischer
180	Sadako
181	Michael Ironside
182	Werewolf
183	Ben Affleck
184	Marilyn
185	Hugo
186	Ciaran Hinds
187	Larry Miller
188	Timothy Dalton
189	Bjork
190	Luigi Pistilli
191	Alan Root
192	Cait Sith
193	Ella Raines
194	Stiller
195	Boll
196	Stanley Tucci
197	Boll
198	Eric Williams
199	Elinore Randall
200	Yang Kipperbang
